axis,kind,start_s,end_s,duration_s,count,status,r2,rmse,coefficient,value
surge_x,combined,,,,581,ok,0.7077180429312007,9.586121104868774,added_mass_u_dot,3.72892610028
surge_x,combined,,,,581,ok,0.7077180429312007,9.586121104868774,linear_damping_u,-72.1175702259
surge_x,combined,,,,581,ok,0.7077180429312007,9.586121104868774,quadratic_damping_u,285.466835263
surge_x,combined,,,,581,ok,0.7077180429312007,9.586121104868774,bias_force_x,-25.3890567474
surge_x,segment,54.66538208899999,57.765382088999985,3.0999999999999943,63,ok,0.5468258870041343,3.894127029389323,added_mass_u_dot,-4.67954939072
surge_x,segment,54.66538208899999,57.765382088999985,3.0999999999999943,63,ok,0.5468258870041343,3.894127029389323,linear_damping_u,-151.212895888
surge_x,segment,54.66538208899999,57.765382088999985,3.0999999999999943,63,ok,0.5468258870041343,3.894127029389323,quadratic_damping_u,251.682215402
surge_x,segment,54.66538208899999,57.765382088999985,3.0999999999999943,63,ok,0.5468258870041343,3.894127029389323,bias_force_x,-41.4408035044
surge_x,segment,87.36538208899998,88.91538208899998,1.5499999999999972,32,ok,0.7409044049406649,0.40083058474451744,added_mass_u_dot,-9.85710921574
surge_x,segment,87.36538208899998,88.91538208899998,1.5499999999999972,32,ok,0.7409044049406649,0.40083058474451744,linear_damping_u,2299.16600615
surge_x,segment,87.36538208899998,88.91538208899998,1.5499999999999972,32,ok,0.7409044049406649,0.40083058474451744,quadratic_damping_u,-4277.93904247
surge_x,segment,87.36538208899998,88.91538208899998,1.5499999999999972,32,ok,0.7409044049406649,0.40083058474451744,bias_force_x,287.912106313
surge_x,segment,96.16538208899998,97.11538208899998,0.9500000000000028,20,ok,0.914624540337928,1.0921519405919433,added_mass_u_dot,-38.8630590693
surge_x,segment,96.16538208899998,97.11538208899998,0.9500000000000028,20,ok,0.914624540337928,1.0921519405919433,linear_damping_u,1203.85085292
surge_x,segment,96.16538208899998,97.11538208899998,0.9500000000000028,20,ok,0.914624540337928,1.0921519405919433,quadratic_damping_u,-3447.47515396
surge_x,segment,96.16538208899998,97.11538208899998,0.9500000000000028,20,ok,0.914624540337928,1.0921519405919433,bias_force_x,76.9806436145
surge_x,segment,97.46538208899997,113.21538208899997,15.75,316,ok,0.8734832586135934,6.575354390519608,added_mass_u_dot,16.6402988499
surge_x,segment,97.46538208899997,113.21538208899997,15.75,316,ok,0.8734832586135934,6.575354390519608,linear_damping_u,83.4434270121
surge_x,segment,97.46538208899997,113.21538208899997,15.75,316,ok,0.8734832586135934,6.575354390519608,quadratic_damping_u,103.822476372
surge_x,segment,97.46538208899997,113.21538208899997,15.75,316,ok,0.8734832586135934,6.575354390519608,bias_force_x,8.76705859126
surge_x,segment,114.66538208899998,120.31538208899997,5.6499999999999915,114,ok,0.08066372743335548,7.8251108889000855,added_mass_u_dot,0.341812641329
surge_x,segment,114.66538208899998,120.31538208899997,5.6499999999999915,114,ok,0.08066372743335548,7.8251108889000855,linear_damping_u,-119.570681015
surge_x,segment,114.66538208899998,120.31538208899997,5.6499999999999915,114,ok,0.08066372743335548,7.8251108889000855,quadratic_damping_u,197.234105305
surge_x,segment,114.66538208899998,120.31538208899997,5.6499999999999915,114,ok,0.08066372743335548,7.8251108889000855,bias_force_x,-68.5435122995
sway_y,combined,,,,8,insufficient_dominant_samples,,,,
heave_z,combined,,,,170,ok,0.718416848745312,9.99779557994576,added_mass_w_dot,79.314992787
heave_z,combined,,,,170,ok,0.718416848745312,9.99779557994576,linear_damping_w,-220.364569129
heave_z,combined,,,,170,ok,0.718416848745312,9.99779557994576,quadratic_damping_w,1183.01607279
heave_z,combined,,,,170,ok,0.718416848745312,9.99779557994576,net_buoyancy_minus_weight,15.9381750509
heave_z,combined,,,,170,ok,0.718416848745312,9.99779557994576,depth_stiffness_about_mean,100.291395639
heave_z,segment,50.365382088999986,51.56538208899999,1.2000000000000028,25,ok,0.692293329734059,1.0583665092044108,added_mass_w_dot,56.6612150493
heave_z,segment,50.365382088999986,51.56538208899999,1.2000000000000028,25,ok,0.692293329734059,1.0583665092044108,linear_damping_w,99.1458808286
heave_z,segment,50.365382088999986,51.56538208899999,1.2000000000000028,25,ok,0.692293329734059,1.0583665092044108,quadratic_damping_w,4704.58889017
heave_z,segment,50.365382088999986,51.56538208899999,1.2000000000000028,25,ok,0.692293329734059,1.0583665092044108,net_buoyancy_minus_weight,7.69826839753
heave_z,segment,50.365382088999986,51.56538208899999,1.2000000000000028,25,ok,0.692293329734059,1.0583665092044108,depth_stiffness_about_mean,87.3714746336
heave_z,segment,69.16538208899999,70.36538208899998,1.1999999999999886,25,ok,0.8129625260331226,9.356645235010223,added_mass_w_dot,193.031118755
heave_z,segment,69.16538208899999,70.36538208899998,1.1999999999999886,25,ok,0.8129625260331226,9.356645235010223,linear_damping_w,-1190.91701712
heave_z,segment,69.16538208899999,70.36538208899998,1.1999999999999886,25,ok,0.8129625260331226,9.356645235010223,quadratic_damping_w,3472.27323895
heave_z,segment,69.16538208899999,70.36538208899998,1.1999999999999886,25,ok,0.8129625260331226,9.356645235010223,net_buoyancy_minus_weight,185.344049707
heave_z,segment,69.16538208899999,70.36538208899998,1.1999999999999886,25,ok,0.8129625260331226,9.356645235010223,depth_stiffness_about_mean,-557.354114921
heave_z,segment,79.96538208899999,81.66538208899998,1.6999999999999886,35,ok,0.7846016808713778,0.7988770078956946,added_mass_w_dot,-81.4531074734
heave_z,segment,79.96538208899999,81.66538208899998,1.6999999999999886,35,ok,0.7846016808713778,0.7988770078956946,linear_damping_w,-346.136218434
heave_z,segment,79.96538208899999,81.66538208899998,1.6999999999999886,35,ok,0.7846016808713778,0.7988770078956946,quadratic_damping_w,24657.4100857
heave_z,segment,79.96538208899999,81.66538208899998,1.6999999999999886,35,ok,0.7846016808713778,0.7988770078956946,net_buoyancy_minus_weight,21.281878914
heave_z,segment,79.96538208899999,81.66538208899998,1.6999999999999886,35,ok,0.7846016808713778,0.7988770078956946,depth_stiffness_about_mean,-92.5978280807
heave_z,segment,82.71538208899999,84.56538208899998,1.8499999999999943,38,ok,0.7396609473932709,0.23438247671589263,added_mass_w_dot,-10.6761496821
heave_z,segment,82.71538208899999,84.56538208899998,1.8499999999999943,38,ok,0.7396609473932709,0.23438247671589263,linear_damping_w,-331.512444738
heave_z,segment,82.71538208899999,84.56538208899998,1.8499999999999943,38,ok,0.7396609473932709,0.23438247671589263,quadratic_damping_w,17875.9351969
heave_z,segment,82.71538208899999,84.56538208899998,1.8499999999999943,38,ok,0.7396609473932709,0.23438247671589263,net_buoyancy_minus_weight,17.3350587212
heave_z,segment,82.71538208899999,84.56538208899998,1.8499999999999943,38,ok,0.7396609473932709,0.23438247671589263,depth_stiffness_about_mean,32.8320110145
heave_z,segment,97.86538208899998,98.71538208899997,0.8499999999999943,18,ok,0.9849834231471246,0.09558864340886651,added_mass_w_dot,76.3635713693
heave_z,segment,97.86538208899998,98.71538208899997,0.8499999999999943,18,ok,0.9849834231471246,0.09558864340886651,linear_damping_w,441.327596266
heave_z,segment,97.86538208899998,98.71538208899997,0.8499999999999943,18,ok,0.9849834231471246,0.09558864340886651,quadratic_damping_w,-12650.1730079
heave_z,segment,97.86538208899998,98.71538208899997,0.8499999999999943,18,ok,0.9849834231471246,0.09558864340886651,net_buoyancy_minus_weight,21.1890304185
heave_z,segment,97.86538208899998,98.71538208899997,0.8499999999999943,18,ok,0.9849834231471246,0.09558864340886651,depth_stiffness_about_mean,-104.334160465
roll_k,combined,,,,205,ok,0.6736370258124247,2.836140580428434,added_inertia_p_dot,15.0079295253
roll_k,combined,,,,205,ok,0.6736370258124247,2.836140580428434,linear_damping_p,-27.872815241
roll_k,combined,,,,205,ok,0.6736370258124247,2.836140580428434,quadratic_damping_p,109.752865485
roll_k,combined,,,,205,ok,0.6736370258124247,2.836140580428434,restoring_roll,-65.681884807
roll_k,combined,,,,205,ok,0.6736370258124247,2.836140580428434,bias_torque_roll,-3.63464193909
roll_k,segment,26.815382088999993,29.215382088999995,2.400000000000002,49,ok,0.49854943953568853,0.5254179212709917,added_inertia_p_dot,0.114518781622
roll_k,segment,26.815382088999993,29.215382088999995,2.400000000000002,49,ok,0.49854943953568853,0.5254179212709917,linear_damping_p,92.9452119246
roll_k,segment,26.815382088999993,29.215382088999995,2.400000000000002,49,ok,0.49854943953568853,0.5254179212709917,quadratic_damping_p,-4877.17977384
roll_k,segment,26.815382088999993,29.215382088999995,2.400000000000002,49,ok,0.49854943953568853,0.5254179212709917,restoring_roll,-374.701354873
roll_k,segment,26.815382088999993,29.215382088999995,2.400000000000002,49,ok,0.49854943953568853,0.5254179212709917,bias_torque_roll,1.9347672177
roll_k,segment,29.715382088999995,32.26538208899999,2.549999999999997,52,ok,0.10373048474841684,0.9083105719694619,added_inertia_p_dot,12.5518230523
roll_k,segment,29.715382088999995,32.26538208899999,2.549999999999997,52,ok,0.10373048474841684,0.9083105719694619,linear_damping_p,45.43810617
roll_k,segment,29.715382088999995,32.26538208899999,2.549999999999997,52,ok,0.10373048474841684,0.9083105719694619,quadratic_damping_p,-8552.04678559
roll_k,segment,29.715382088999995,32.26538208899999,2.549999999999997,52,ok,0.10373048474841684,0.9083105719694619,restoring_roll,-45.1928665644
roll_k,segment,29.715382088999995,32.26538208899999,2.549999999999997,52,ok,0.10373048474841684,0.9083105719694619,bias_torque_roll,-4.06721724652
roll_k,segment,32.715382088999995,35.76538208899999,3.049999999999997,62,ok,0.8994001783395237,0.23038941841354882,added_inertia_p_dot,5.00434992925
roll_k,segment,32.715382088999995,35.76538208899999,3.049999999999997,62,ok,0.8994001783395237,0.23038941841354882,linear_damping_p,-74.3926229826
roll_k,segment,32.715382088999995,35.76538208899999,3.049999999999997,62,ok,0.8994001783395237,0.23038941841354882,quadratic_damping_p,4176.01678914
roll_k,segment,32.715382088999995,35.76538208899999,3.049999999999997,62,ok,0.8994001783395237,0.23038941841354882,restoring_roll,-346.273602455
roll_k,segment,32.715382088999995,35.76538208899999,3.049999999999997,62,ok,0.8994001783395237,0.23038941841354882,bias_torque_roll,1.24139529202
roll_k,segment,69.06538208899998,69.96538208899999,0.9000000000000057,19,ok,0.8154048601337833,4.044468265780626,added_inertia_p_dot,35.755421314
roll_k,segment,69.06538208899998,69.96538208899999,0.9000000000000057,19,ok,0.8154048601337833,4.044468265780626,linear_damping_p,-256.758643976
roll_k,segment,69.06538208899998,69.96538208899999,0.9000000000000057,19,ok,0.8154048601337833,4.044468265780626,quadratic_damping_p,855.932958292
roll_k,segment,69.06538208899998,69.96538208899999,0.9000000000000057,19,ok,0.8154048601337833,4.044468265780626,restoring_roll,23.9380612098
roll_k,segment,69.06538208899998,69.96538208899999,0.9000000000000057,19,ok,0.8154048601337833,4.044468265780626,bias_torque_roll,-17.1133558229
pitch_m,combined,,,,380,ok,0.8727284157480192,0.8440703824912411,added_inertia_q_dot,0.505715678569
pitch_m,combined,,,,380,ok,0.8727284157480192,0.8440703824912411,linear_damping_q,-11.0702405816
pitch_m,combined,,,,380,ok,0.8727284157480192,0.8440703824912411,quadratic_damping_q,-17.760666424
pitch_m,combined,,,,380,ok,0.8727284157480192,0.8440703824912411,restoring_pitch,69.2548131902
pitch_m,combined,,,,380,ok,0.8727284157480192,0.8440703824912411,bias_torque_pitch,-0.419560826299
pitch_m,segment,3.6653820889999995,7.2153820889999984,3.549999999999999,72,ok,0.7777138387600777,0.14569942456937723,added_inertia_q_dot,-1.31609023668
pitch_m,segment,3.6653820889999995,7.2153820889999984,3.549999999999999,72,ok,0.7777138387600777,0.14569942456937723,linear_damping_q,2.98599768589
pitch_m,segment,3.6653820889999995,7.2153820889999984,3.549999999999999,72,ok,0.7777138387600777,0.14569942456937723,quadratic_damping_q,-140.673915587
pitch_m,segment,3.6653820889999995,7.2153820889999984,3.549999999999999,72,ok,0.7777138387600777,0.14569942456937723,restoring_pitch,41.425829474
pitch_m,segment,3.6653820889999995,7.2153820889999984,3.549999999999999,72,ok,0.7777138387600777,0.14569942456937723,bias_torque_pitch,1.28627480161
pitch_m,segment,24.315382088999996,25.065382088999996,0.75,16,ok,0.999034440847043,0.08429907333156443,added_inertia_q_dot,-0.522656685934
pitch_m,segment,24.315382088999996,25.065382088999996,0.75,16,ok,0.999034440847043,0.08429907333156443,linear_damping_q,-0.525136474569
pitch_m,segment,24.315382088999996,25.065382088999996,0.75,16,ok,0.999034440847043,0.08429907333156443,quadratic_damping_q,10.1227853858
pitch_m,segment,24.315382088999996,25.065382088999996,0.75,16,ok,0.999034440847043,0.08429907333156443,restoring_pitch,52.7364254011
pitch_m,segment,24.315382088999996,25.065382088999996,0.75,16,ok,0.999034440847043,0.08429907333156443,bias_torque_pitch,-5.75548638674
pitch_m,segment,83.91538208899998,84.66538208899998,0.75,16,ok,0.9559369995293183,0.005649232758845321,added_inertia_q_dot,0.916444474176
pitch_m,segment,83.91538208899998,84.66538208899998,0.75,16,ok,0.9559369995293183,0.005649232758845321,linear_damping_q,-15.5799508556
pitch_m,segment,83.91538208899998,84.66538208899998,0.75,16,ok,0.9559369995293183,0.005649232758845321,quadratic_damping_q,3019.06030689
pitch_m,segment,83.91538208899998,84.66538208899998,0.75,16,ok,0.9559369995293183,0.005649232758845321,restoring_pitch,226.838684639
pitch_m,segment,83.91538208899998,84.66538208899998,0.75,16,ok,0.9559369995293183,0.005649232758845321,bias_torque_pitch,-1.69320062095
pitch_m,segment,86.81538208899998,89.31538208899998,2.5,51,ok,0.6897257094629401,0.04210664146216515,added_inertia_q_dot,0.390369534692
pitch_m,segment,86.81538208899998,89.31538208899998,2.5,51,ok,0.6897257094629401,0.04210664146216515,linear_damping_q,-12.271631213
pitch_m,segment,86.81538208899998,89.31538208899998,2.5,51,ok,0.6897257094629401,0.04210664146216515,quadratic_damping_q,571.815974705
pitch_m,segment,86.81538208899998,89.31538208899998,2.5,51,ok,0.6897257094629401,0.04210664146216515,restoring_pitch,-7.7477146112
pitch_m,segment,86.81538208899998,89.31538208899998,2.5,51,ok,0.6897257094629401,0.04210664146216515,bias_torque_pitch,2.4539360591
pitch_m,segment,97.91538208899998,98.86538208899998,0.9500000000000028,20,ok,0.9761849942282305,0.033969282762417105,added_inertia_q_dot,4.11147962428
pitch_m,segment,97.91538208899998,98.86538208899998,0.9500000000000028,20,ok,0.9761849942282305,0.033969282762417105,linear_damping_q,-1.52043232783
pitch_m,segment,97.91538208899998,98.86538208899998,0.9500000000000028,20,ok,0.9761849942282305,0.033969282762417105,quadratic_damping_q,-121.09693162
pitch_m,segment,97.91538208899998,98.86538208899998,0.9500000000000028,20,ok,0.9761849942282305,0.033969282762417105,restoring_pitch,29.4907358332
pitch_m,segment,97.91538208899998,98.86538208899998,0.9500000000000028,20,ok,0.9761849942282305,0.033969282762417105,bias_torque_pitch,1.56818542838
pitch_m,segment,99.61538208899998,100.86538208899998,1.25,26,ok,0.83576216797221,0.036406041153165807,added_inertia_q_dot,4.56785761298
pitch_m,segment,99.61538208899998,100.86538208899998,1.25,26,ok,0.83576216797221,0.036406041153165807,linear_damping_q,30.9126702737
pitch_m,segment,99.61538208899998,100.86538208899998,1.25,26,ok,0.83576216797221,0.036406041153165807,quadratic_damping_q,-714.674908882
pitch_m,segment,99.61538208899998,100.86538208899998,1.25,26,ok,0.83576216797221,0.036406041153165807,restoring_pitch,-53.3412264616
pitch_m,segment,99.61538208899998,100.86538208899998,1.25,26,ok,0.83576216797221,0.036406041153165807,bias_torque_pitch,5.24369996451
pitch_m,segment,104.86538208899998,107.26538208899997,2.3999999999999915,49,ok,0.9635707460703595,0.05559886978088988,added_inertia_q_dot,-0.66989775939
pitch_m,segment,104.86538208899998,107.26538208899997,2.3999999999999915,49,ok,0.9635707460703595,0.05559886978088988,linear_damping_q,-18.0784460052
pitch_m,segment,104.86538208899998,107.26538208899997,2.3999999999999915,49,ok,0.9635707460703595,0.05559886978088988,quadratic_damping_q,398.573413649
pitch_m,segment,104.86538208899998,107.26538208899997,2.3999999999999915,49,ok,0.9635707460703595,0.05559886978088988,restoring_pitch,65.4773748052
pitch_m,segment,104.86538208899998,107.26538208899997,2.3999999999999915,49,ok,0.9635707460703595,0.05559886978088988,bias_torque_pitch,-0.784829802522
pitch_m,segment,112.46538208899997,113.66538208899998,1.2000000000000028,25,ok,0.97362512566578,0.10797137292079834,added_inertia_q_dot,-0.951079583681
pitch_m,segment,112.46538208899997,113.66538208899998,1.2000000000000028,25,ok,0.97362512566578,0.10797137292079834,linear_damping_q,-21.4699008302
pitch_m,segment,112.46538208899997,113.66538208899998,1.2000000000000028,25,ok,0.97362512566578,0.10797137292079834,quadratic_damping_q,260.742251617
pitch_m,segment,112.46538208899997,113.66538208899998,1.2000000000000028,25,ok,0.97362512566578,0.10797137292079834,restoring_pitch,92.49799087
pitch_m,segment,112.46538208899997,113.66538208899998,1.2000000000000028,25,ok,0.97362512566578,0.10797137292079834,bias_torque_pitch,-2.25850149947
pitch_m,segment,115.71538208899997,116.56538208899997,0.8499999999999943,18,ok,0.9723513792355274,0.02488465041177037,added_inertia_q_dot,-0.593044055335
pitch_m,segment,115.71538208899997,116.56538208899997,0.8499999999999943,18,ok,0.9723513792355274,0.02488465041177037,linear_damping_q,-9.61145746733
pitch_m,segment,115.71538208899997,116.56538208899997,0.8499999999999943,18,ok,0.9723513792355274,0.02488465041177037,quadratic_damping_q,184.168343547
pitch_m,segment,115.71538208899997,116.56538208899997,0.8499999999999943,18,ok,0.9723513792355274,0.02488465041177037,restoring_pitch,127.964920631
pitch_m,segment,115.71538208899997,116.56538208899997,0.8499999999999943,18,ok,0.9723513792355274,0.02488465041177037,bias_torque_pitch,-4.72263896816
yaw_n,combined,,,,532,ok,0.710075733077962,3.424054117379175,added_inertia_r_dot,2.40680251636
yaw_n,combined,,,,532,ok,0.710075733077962,3.424054117379175,linear_damping_r,7.46078974937
yaw_n,combined,,,,532,ok,0.710075733077962,3.424054117379175,quadratic_damping_r,-0.981309331961
yaw_n,combined,,,,532,ok,0.710075733077962,3.424054117379175,bias_torque_yaw,-0.406172733036
yaw_n,segment,0.365382089,2.6153820889999997,2.2499999999999996,46,ok,0.4222651340272279,0.4540029147549004,added_inertia_r_dot,1.23641682413
yaw_n,segment,0.365382089,2.6153820889999997,2.2499999999999996,46,ok,0.4222651340272279,0.4540029147549004,linear_damping_r,-9.97251801415
yaw_n,segment,0.365382089,2.6153820889999997,2.2499999999999996,46,ok,0.4222651340272279,0.4540029147549004,quadratic_damping_r,10.0964427846
yaw_n,segment,0.365382089,2.6153820889999997,2.2499999999999996,46,ok,0.4222651340272279,0.4540029147549004,bias_torque_yaw,-5.62714675769
yaw_n,segment,48.21538208899999,49.365382088999986,1.1499999999999986,24,ok,0.957462130548534,0.5689293093399642,added_inertia_r_dot,2.21941555552
yaw_n,segment,48.21538208899999,49.365382088999986,1.1499999999999986,24,ok,0.957462130548534,0.5689293093399642,linear_damping_r,-9.37147885527
yaw_n,segment,48.21538208899999,49.365382088999986,1.1499999999999986,24,ok,0.957462130548534,0.5689293093399642,quadratic_damping_r,16.1869658934
yaw_n,segment,48.21538208899999,49.365382088999986,1.1499999999999986,24,ok,0.957462130548534,0.5689293093399642,bias_torque_yaw,-3.2510689335
yaw_n,segment,54.615382088999986,55.56538208899999,0.9500000000000028,20,ok,0.9516966947200917,0.6317039171068658,added_inertia_r_dot,1.7791040146
yaw_n,segment,54.615382088999986,55.56538208899999,0.9500000000000028,20,ok,0.9516966947200917,0.6317039171068658,linear_damping_r,11.3058085749
yaw_n,segment,54.615382088999986,55.56538208899999,0.9500000000000028,20,ok,0.9516966947200917,0.6317039171068658,quadratic_damping_r,-2.04758225448
yaw_n,segment,54.615382088999986,55.56538208899999,0.9500000000000028,20,ok,0.9516966947200917,0.6317039171068658,bias_torque_yaw,-1.78183598781
yaw_n,segment,78.91538208899998,80.16538208899998,1.25,26,ok,0.953622754163812,0.6580293880353169,added_inertia_r_dot,3.6947592717
yaw_n,segment,78.91538208899998,80.16538208899998,1.25,26,ok,0.953622754163812,0.6580293880353169,linear_damping_r,-10.9321496535
yaw_n,segment,78.91538208899998,80.16538208899998,1.25,26,ok,0.953622754163812,0.6580293880353169,quadratic_damping_r,12.0485012607
yaw_n,segment,78.91538208899998,80.16538208899998,1.25,26,ok,0.953622754163812,0.6580293880353169,bias_torque_yaw,1.91670228377
yaw_n,segment,91.91538208899998,92.96538208899997,1.0499999999999972,22,ok,0.966477492227582,0.21076753658435401,added_inertia_r_dot,0.483313456639
yaw_n,segment,91.91538208899998,92.96538208899997,1.0499999999999972,22,ok,0.966477492227582,0.21076753658435401,linear_damping_r,15.9602341304
yaw_n,segment,91.91538208899998,92.96538208899997,1.0499999999999972,22,ok,0.966477492227582,0.21076753658435401,quadratic_damping_r,-10.8710789953
yaw_n,segment,91.91538208899998,92.96538208899997,1.0499999999999972,22,ok,0.966477492227582,0.21076753658435401,bias_torque_yaw,1.0498117725
yaw_n,segment,94.66538208899998,97.21538208899997,2.549999999999997,52,ok,0.8498623990576727,1.0961313975501952,added_inertia_r_dot,0.269063908898
yaw_n,segment,94.66538208899998,97.21538208899997,2.549999999999997,52,ok,0.8498623990576727,1.0961313975501952,linear_damping_r,-6.62934392822
yaw_n,segment,94.66538208899998,97.21538208899997,2.549999999999997,52,ok,0.8498623990576727,1.0961313975501952,quadratic_damping_r,6.50980600034
yaw_n,segment,94.66538208899998,97.21538208899997,2.549999999999997,52,ok,0.8498623990576727,1.0961313975501952,bias_torque_yaw,4.7031571498
yaw_n,segment,100.86538208899998,101.71538208899997,0.8499999999999943,18,ok,0.9863944015246471,0.20919120932666188,added_inertia_r_dot,3.36921178433
yaw_n,segment,100.86538208899998,101.71538208899997,0.8499999999999943,18,ok,0.9863944015246471,0.20919120932666188,linear_damping_r,25.1969695556
yaw_n,segment,100.86538208899998,101.71538208899997,0.8499999999999943,18,ok,0.9863944015246471,0.20919120932666188,quadratic_damping_r,-22.1550321926
yaw_n,segment,100.86538208899998,101.71538208899997,0.8499999999999943,18,ok,0.9863944015246471,0.20919120932666188,bias_torque_yaw,-3.46902525994
yaw_n,segment,103.01538208899997,103.96538208899997,0.9500000000000028,20,ok,0.9669807059230717,0.21981520376730398,added_inertia_r_dot,-1.18762301841
yaw_n,segment,103.01538208899997,103.96538208899997,0.9500000000000028,20,ok,0.9669807059230717,0.21981520376730398,linear_damping_r,-2.05335683176
yaw_n,segment,103.01538208899997,103.96538208899997,0.9500000000000028,20,ok,0.9669807059230717,0.21981520376730398,quadratic_damping_r,11.5958086979
yaw_n,segment,103.01538208899997,103.96538208899997,0.9500000000000028,20,ok,0.9669807059230717,0.21981520376730398,bias_torque_yaw,3.05391541621
yaw_n,segment,107.36538208899998,110.16538208899998,2.799999999999997,57,ok,0.818374740643575,0.6536797345109531,added_inertia_r_dot,1.22925570144
yaw_n,segment,107.36538208899998,110.16538208899998,2.799999999999997,57,ok,0.818374740643575,0.6536797345109531,linear_damping_r,9.64876545276
yaw_n,segment,107.36538208899998,110.16538208899998,2.799999999999997,57,ok,0.818374740643575,0.6536797345109531,quadratic_damping_r,-5.28878385177
yaw_n,segment,107.36538208899998,110.16538208899998,2.799999999999997,57,ok,0.818374740643575,0.6536797345109531,bias_torque_yaw,2.41511750509
yaw_n,segment,111.21538208899997,112.31538208899998,1.1000000000000085,23,ok,0.9392117560248999,0.45359799341625257,added_inertia_r_dot,1.71380424566
yaw_n,segment,111.21538208899997,112.31538208899998,1.1000000000000085,23,ok,0.9392117560248999,0.45359799341625257,linear_damping_r,29.1614182295
yaw_n,segment,111.21538208899997,112.31538208899998,1.1000000000000085,23,ok,0.9392117560248999,0.45359799341625257,quadratic_damping_r,-11.1294273519
yaw_n,segment,111.21538208899997,112.31538208899998,1.1000000000000085,23,ok,0.9392117560248999,0.45359799341625257,bias_torque_yaw,-9.45479597751
yaw_n,segment,116.56538208899997,117.81538208899997,1.25,26,ok,0.8926407913450193,0.761947262583227,added_inertia_r_dot,6.70344943722
yaw_n,segment,116.56538208899997,117.81538208899997,1.25,26,ok,0.8926407913450193,0.761947262583227,linear_damping_r,0.682131837877
yaw_n,segment,116.56538208899997,117.81538208899997,1.25,26,ok,0.8926407913450193,0.761947262583227,quadratic_damping_r,3.70271690726
yaw_n,segment,116.56538208899997,117.81538208899997,1.25,26,ok,0.8926407913450193,0.761947262583227,bias_torque_yaw,-1.13221039858
yaw_n,segment,118.76538208899997,119.76538208899997,1.0,21,ok,0.8688536535832938,0.7338832499756924,added_inertia_r_dot,0.346727668267
yaw_n,segment,118.76538208899997,119.76538208899997,1.0,21,ok,0.8688536535832938,0.7338832499756924,linear_damping_r,16.9235746729
yaw_n,segment,118.76538208899997,119.76538208899997,1.0,21,ok,0.8688536535832938,0.7338832499756924,quadratic_damping_r,-8.42874737518
yaw_n,segment,118.76538208899997,119.76538208899997,1.0,21,ok,0.8688536535832938,0.7338832499756924,bias_torque_yaw,1.97072515687
